dataset,vertices,edges,method,parameter_name,parameter_value,oracle_build_time_ms,oracle_memory_bytes,avg_dijkstra_time_ms,avg_oracle_time_ms,avg_absolute_error,avg_relative_error,max_absolute_error,max_relative_error,theoretical_stretch,total_bunch_size,valid_queries
random_1000_3000.txt,1000,3000,SEQUENTIAL_INDEX,landmarks,4,2.1955,32016,0.501392,0.0003846,34.171,1.40432,64,18,0,0,1000
random_1000_3000.txt,1000,3000,SEQUENTIAL_INDEX,landmarks,8,4.0562,64032,0.526861,0.0005755,16.322,0.700147,46,14.6667,0,0,1000
random_1000_3000.txt,1000,3000,SEQUENTIAL_INDEX,landmarks,16,8.1999,128064,0.493361,0.0007397,13.152,0.566113,46,9.33333,0,0,1000
random_1000_3000.txt,1000,3000,DEGREE_CENTRALITY,landmarks,4,2.0503,32016,0.499946,0.0003987,11.473,0.499763,43,9.33333,0,0,1000
random_1000_3000.txt,1000,3000,DEGREE_CENTRALITY,landmarks,8,4.8589,64032,0.491607,0.0005225,6.456,0.286551,43,8.6,0,0,1000
random_1000_3000.txt,1000,3000,DEGREE_CENTRALITY,landmarks,16,8.4046,128064,0.486043,0.0007173,4.893,0.224046,42,8.4,0,0,1000
random_1000_3000.txt,1000,3000,THORUP_ZWICK_RANDOM,k,2,564.043,724008,0.487916,0.0018017,10.532,0.405171,42,1.88235,3,57992,1000
random_1000_3000.txt,1000,3000,THORUP_ZWICK_RANDOM,k,3,694.542,367200,0.482461,0.0016787,10.932,0.423074,40,2.36364,5,27229,1000
random_1000_3000.txt,1000,3000,THORUP_ZWICK_DEGREE_BIASED,k,2,623.021,694872,0.51785,0.0018652,9.916,0.387651,37,1.88235,3,55563,1000
random_1000_3000.txt,1000,3000,THORUP_ZWICK_DEGREE_BIASED,k,3,677.503,364028,0.486294,0.0021619,9.585,0.375062,40,3,5,26965,1000
random_2000_6000.txt,2000,6000,SEQUENTIAL_INDEX,landmarks,4,4.9672,64016,1.0541,0.0005577,24.355,0.90954,54,10.8,0,0,1000
random_2000_6000.txt,2000,6000,SEQUENTIAL_INDEX,landmarks,8,9.4118,128032,1.09151,0.0009247,21.145,0.799701,54,10.8,0,0,1000
random_2000_6000.txt,2000,6000,SEQUENTIAL_INDEX,landmarks,16,16.8833,256064,1.08872,0.0011264,12.411,0.472073,36,6.8,0,0,1000
random_2000_6000.txt,2000,6000,DEGREE_CENTRALITY,landmarks,4,7.0723,64016,1.05579,0.0005939,15.534,0.588873,46,8.8,0,0,1000
random_2000_6000.txt,2000,6000,DEGREE_CENTRALITY,landmarks,8,8.6007,128032,1.03337,0.0007149,12.339,0.473889,44,8.8,0,0,1000
random_2000_6000.txt,2000,6000,DEGREE_CENTRALITY,landmarks,16,18.1085,256064,1.03843,0.0011822,8.471,0.330465,38,7.6,0,0,1000
random_2000_6000.txt,2000,6000,THORUP_ZWICK_RANDOM,k,2,2582.44,2138464,1.04255,0.0021142,10.853,0.396908,38,2,3,173522,1000
random_2000_6000.txt,2000,6000,THORUP_ZWICK_RANDOM,k,3,2955.3,832832,1.18041,0.0023807,14.346,0.514313,42,2.72727,5,62683,1000
random_2000_6000.txt,2000,6000,THORUP_ZWICK_DEGREE_BIASED,k,2,2440.72,2034116,1.04109,0.0021686,10.784,0.394356,34,2,3,164827,1000
random_2000_6000.txt,2000,6000,THORUP_ZWICK_DEGREE_BIASED,k,3,2869.65,754100,1.01402,0.0021221,13.459,0.492925,41,3,5,56119,1000
random_3000_9000.txt,3000,9000,SEQUENTIAL_INDEX,landmarks,4,7.2619,96016,1.58261,0.0005526,22.148,0.798666,50,50,0,0,1000
random_3000_9000.txt,3000,9000,SEQUENTIAL_INDEX,landmarks,8,13.4702,192032,1.54881,0.000736,17.607,0.639357,45,40,0,0,1000
random_3000_9000.txt,3000,9000,SEQUENTIAL_INDEX,landmarks,16,26.4267,384064,1.5533,0.0010859,14.378,0.532669,45,38,0,0,1000
random_3000_9000.txt,3000,9000,DEGREE_CENTRALITY,landmarks,4,7.7216,96016,1.54386,0.0005213,17.219,0.625301,46,36,0,0,1000
random_3000_9000.txt,3000,9000,DEGREE_CENTRALITY,landmarks,8,14.0566,192032,1.57756,0.0007642,13.42,0.499909,42,36,0,0,1000
random_3000_9000.txt,3000,9000,DEGREE_CENTRALITY,landmarks,16,27.2986,384064,1.55882,0.0011493,9.199,0.343729,35,20,0,0,1000
random_3000_9000.txt,3000,9000,THORUP_ZWICK_RANDOM,k,2,6109.76,3825096,1.56935,0.002169,11.661,0.383313,36,1.9375,3,311737,1000
random_3000_9000.txt,3000,9000,THORUP_ZWICK_RANDOM,k,3,6987.48,1464012,1.57528,0.0024067,16.256,0.530433,40,2.88889,5,111926,1000
random_3000_9000.txt,3000,9000,THORUP_ZWICK_DEGREE_BIASED,k,2,5799.41,3630208,1.53852,0.0022739,11.641,0.382285,36,1.9375,3,295499,1000
random_3000_9000.txt,3000,9000,THORUP_ZWICK_DEGREE_BIASED,k,3,7037.59,1432800,1.57925,0.002367,12.893,0.420915,38,2.69231,5,109322,1000
random_5000_15000.txt,5000,15000,SEQUENTIAL_INDEX,landmarks,4,14.3973,160016,2.8196,0.0007118,28.246,0.886306,62,5.77778,0,0,1000
random_5000_15000.txt,5000,15000,SEQUENTIAL_INDEX,landmarks,8,24.166,320032,2.75423,0.0010324,25.989,0.818897,54,5.77778,0,0,1000
random_5000_15000.txt,5000,15000,SEQUENTIAL_INDEX,landmarks,16,50.4577,640064,2.9607,0.0020777,20.808,0.659864,48,5.11111,0,0,1000
random_5000_15000.txt,5000,15000,DEGREE_CENTRALITY,landmarks,4,14.1815,160016,2.86953,0.0007025,13.255,0.426977,39,3.8,0,0,1000
random_5000_15000.txt,5000,15000,DEGREE_CENTRALITY,landmarks,8,23.5395,320032,2.79405,0.0010395,12.424,0.400022,37,3.2,0,0,1000
random_5000_15000.txt,5000,15000,DEGREE_CENTRALITY,landmarks,16,49.1787,640064,3.01394,0.002111,10.955,0.353719,35,3.2,0,0,1000
random_5000_15000.txt,5000,15000,THORUP_ZWICK_RANDOM,k,2,17664.2,8007212,2.8624,0.0024429,12.663,0.389902,36,2,3,655575,1000
random_5000_15000.txt,5000,15000,THORUP_ZWICK_RANDOM,k,3,22197,2653072,2.80033,0.0026188,16.248,0.498064,44,2.21429,5,204316,1000
random_5000_15000.txt,5000,15000,THORUP_ZWICK_DEGREE_BIASED,k,2,17854.9,7714104,2.82725,0.0024813,11.867,0.366111,36,2,3,631149,1000
random_5000_15000.txt,5000,15000,THORUP_ZWICK_DEGREE_BIASED,k,3,22335.3,2650992,2.81824,0.0025537,14.835,0.459182,38,3.16667,5,204143,1000
facebook_1000_3000.txt,1000,3000,SEQUENTIAL_INDEX,landmarks,4,1.5099,32016,0.180298,0.0003482,0.82,0.413,2,2,0,0,1000
facebook_1000_3000.txt,1000,3000,SEQUENTIAL_INDEX,landmarks,8,1.7524,64032,0.178709,0.0003955,0.82,0.413,2,2,0,0,1000
facebook_1000_3000.txt,1000,3000,SEQUENTIAL_INDEX,landmarks,16,5.2252,128064,0.182383,0.0005292,0.82,0.413,2,2,0,0,1000
facebook_1000_3000.txt,1000,3000,DEGREE_CENTRALITY,landmarks,4,1.5935,32016,0.175739,0.0003122,0.007,0.007,1,1,0,0,1000
facebook_1000_3000.txt,1000,3000,DEGREE_CENTRALITY,landmarks,8,2.0126,64032,0.177607,0.0003948,0.007,0.007,1,1,0,0,1000
facebook_1000_3000.txt,1000,3000,DEGREE_CENTRALITY,landmarks,16,3.4855,128064,0.17733,0.0005514,0.006,0.006,1,1,0,0,1000
facebook_1000_3000.txt,1000,3000,THORUP_ZWICK_RANDOM,k,2,253.413,384396,0.170906,0.0012388,1.772,0.751667,2,2,3,29691,1000
facebook_1000_3000.txt,1000,3000,THORUP_ZWICK_RANDOM,k,3,328.833,263916,0.184922,0.0013851,1.879,0.795333,3,3,5,18622,1000
facebook_1000_3000.txt,1000,3000,THORUP_ZWICK_DEGREE_BIASED,k,2,278.43,411896,0.179419,0.0016144,0.009,0.00633333,1,1,3,31981,1000
facebook_1000_3000.txt,1000,3000,THORUP_ZWICK_DEGREE_BIASED,k,3,334.131,460204,0.178667,0.0015161,0.011,0.00783333,1,1,5,34978,1000
facebook_1738_6000.txt,1738,6000,SEQUENTIAL_INDEX,landmarks,4,3.0145,55632,0.355747,0.0003902,1.137,0.52275,5,5,0,0,1000
facebook_1738_6000.txt,1738,6000,SEQUENTIAL_INDEX,landmarks,8,3.5217,111264,0.35351,0.00051,1.137,0.52275,5,5,0,0,1000
facebook_1738_6000.txt,1738,6000,SEQUENTIAL_INDEX,landmarks,16,7.3367,222528,0.357496,0.0007235,1.136,0.52175,5,5,0,0,1000
facebook_1738_6000.txt,1738,6000,DEGREE_CENTRALITY,landmarks,4,1.9857,55632,0.356623,0.000379,0.013,0.009,2,1,0,0,1000
facebook_1738_6000.txt,1738,6000,DEGREE_CENTRALITY,landmarks,8,3.3493,111264,0.360814,0.0005017,0.005,0.004,1,1,0,0,1000
facebook_1738_6000.txt,1738,6000,DEGREE_CENTRALITY,landmarks,16,7.5799,222528,0.376414,0.000718,0.003,0.0025,1,1,0,0,1000
facebook_1738_6000.txt,1738,6000,THORUP_ZWICK_RANDOM,k,2,875.102,1095816,0.363587,0.0019668,1.363,0.5639,3,1.5,3,87247,1000
facebook_1738_6000.txt,1738,6000,THORUP_ZWICK_RANDOM,k,3,1174.87,408304,0.357886,0.0017663,1.731,0.685517,3,2,5,28182,1000
facebook_1738_6000.txt,1738,6000,THORUP_ZWICK_DEGREE_BIASED,k,2,913.913,988584,0.360339,0.0019502,0.047,0.0226667,2,1,3,78312,1000
facebook_1738_6000.txt,1738,6000,THORUP_ZWICK_DEGREE_BIASED,k,3,1159.03,1050016,0.366829,0.0020632,0.026,0.0118333,2,1,5,81652,1000
facebook_1831_9000.txt,1831,9000,SEQUENTIAL_INDEX,landmarks,4,3.2086,58608,0.410869,0.0004265,1.248,0.54795,5,5,0,0,1000
facebook_1831_9000.txt,1831,9000,SEQUENTIAL_INDEX,landmarks,8,3.7846,117216,0.409426,0.0005583,1.248,0.54795,5,5,0,0,1000
facebook_1831_9000.txt,1831,9000,SEQUENTIAL_INDEX,landmarks,16,8.0006,234432,0.402766,0.0007728,1.247,0.54695,5,5,0,0,1000
facebook_1831_9000.txt,1831,9000,DEGREE_CENTRALITY,landmarks,4,2.6026,58608,0.403247,0.0004115,0.043,0.0206167,2,1,0,0,1000
facebook_1831_9000.txt,1831,9000,DEGREE_CENTRALITY,landmarks,8,3.9191,117216,0.425286,0.0006063,0.008,0.006,1,1,0,0,1000
facebook_1831_9000.txt,1831,9000,DEGREE_CENTRALITY,landmarks,16,9.7302,234432,0.461864,0.0007144,0.006,0.005,1,1,0,0,1000
facebook_1831_9000.txt,1831,9000,THORUP_ZWICK_RANDOM,k,2,1111.13,1191772,0.469945,0.0019704,1.311,0.54025,3,2,3,95026,1000
facebook_1831_9000.txt,1831,9000,THORUP_ZWICK_RANDOM,k,3,1395.05,367392,0.414561,0.0016229,1.736,0.684467,3,3,5,24462,1000
facebook_1831_9000.txt,1831,9000,THORUP_ZWICK_DEGREE_BIASED,k,2,1009.3,1003888,0.401864,0.0019129,0.078,0.03375,2,1,3,79371,1000
facebook_1831_9000.txt,1831,9000,THORUP_ZWICK_DEGREE_BIASED,k,3,1423.54,1325968,0.415558,0.0021131,0.035,0.0150333,1,1,5,104327,1000
facebook_2060_15000.txt,2060,15000,SEQUENTIAL_INDEX,landmarks,4,2.3035,65936,0.514203,0.0004253,1.417,0.559233,10,10,0,0,1000
facebook_2060_15000.txt,2060,15000,SEQUENTIAL_INDEX,landmarks,8,6.0377,131872,0.514276,0.0005699,1.416,0.558733,10,10,0,0,1000
facebook_2060_15000.txt,2060,15000,SEQUENTIAL_INDEX,landmarks,16,10.0905,263744,0.497847,0.0007956,1.416,0.558733,10,10,0,0,1000
facebook_2060_15000.txt,2060,15000,DEGREE_CENTRALITY,landmarks,4,2.7539,65936,0.496865,0.0004578,0.157,0.0827667,8,8,0,0,1000
facebook_2060_15000.txt,2060,15000,DEGREE_CENTRALITY,landmarks,8,5.3532,131872,0.493412,0.000538,0.03,0.01515,2,1,0,0,1000
facebook_2060_15000.txt,2060,15000,DEGREE_CENTRALITY,landmarks,16,8.7836,263744,0.497816,0.0008154,0.013,0.00795,2,1,0,0,1000
facebook_2060_15000.txt,2060,15000,THORUP_ZWICK_RANDOM,k,2,1467.03,1437936,0.502479,0.0020167,1.261,0.468637,4,2,3,115005,1000
facebook_2060_15000.txt,2060,15000,THORUP_ZWICK_RANDOM,k,3,1876.04,497096,0.516498,0.0018974,1.677,0.607963,4,3,5,34502,1000
facebook_2060_15000.txt,2060,15000,THORUP_ZWICK_DEGREE_BIASED,k,2,1427.16,1145128,0.506198,0.0019536,0.45,0.139854,4,2,3,90607,1000
facebook_2060_15000.txt,2060,15000,THORUP_ZWICK_DEGREE_BIASED,k,3,1928.78,1222324,0.504474,0.0020336,0.069,0.0251095,2,2,5,94926,1000
twitter_220_3000.txt,220,3000,SEQUENTIAL_INDEX,landmarks,4,0.3642,7056,0.0686383,0.0001449,0.965,0.555833,4,4,0,0,1000
twitter_220_3000.txt,220,3000,SEQUENTIAL_INDEX,landmarks,8,0.9154,14112,0.062761,0.0001624,0.776,0.455833,4,4,0,0,1000
twitter_220_3000.txt,220,3000,SEQUENTIAL_INDEX,landmarks,16,1.5824,28224,0.0630531,0.0002399,0.552,0.337333,4,4,0,0,1000
twitter_220_3000.txt,220,3000,DEGREE_CENTRALITY,landmarks,4,0.7608,7056,0.0632588,0.000102,0.58,0.361083,4,4,0,0,1000
twitter_220_3000.txt,220,3000,DEGREE_CENTRALITY,landmarks,8,0.667,14112,0.0639144,0.0001569,0.451,0.28925,4,4,0,0,1000
twitter_220_3000.txt,220,3000,DEGREE_CENTRALITY,landmarks,16,1.2168,28224,0.064193,0.0002378,0.328,0.211,3,3,0,0,1000
twitter_220_3000.txt,220,3000,THORUP_ZWICK_RANDOM,k,2,19.1596,53224,0.067659,0.0009581,0.782,0.442833,3,2,3,3917,1000
twitter_220_3000.txt,220,3000,THORUP_ZWICK_RANDOM,k,3,21.0438,75460,0.0653142,0.0010717,0.933,0.497,4,4,5,5545,1000
twitter_220_3000.txt,220,3000,THORUP_ZWICK_DEGREE_BIASED,k,2,19.0295,55064,0.066574,0.0008794,0.757,0.426667,4,2,3,4070,1000
twitter_220_3000.txt,220,3000,THORUP_ZWICK_DEGREE_BIASED,k,3,18.2679,35864,0.0623698,0.0008557,0.886,0.510333,4,3,5,2241,1000
twitter_261_6000.txt,261,6000,SEQUENTIAL_INDEX,landmarks,4,0.4962,8368,0.0880894,0.000203493,0.558952,0.426492,3,3,0,0,687
twitter_261_6000.txt,261,6000,SEQUENTIAL_INDEX,landmarks,8,1.1033,16736,0.0853552,0.000278311,0.522562,0.401019,3,3,0,0,687
twitter_261_6000.txt,261,6000,SEQUENTIAL_INDEX,landmarks,16,1.9015,33472,0.0815108,0.000284571,0.426492,0.333333,3,3,0,0,687
twitter_261_6000.txt,261,6000,DEGREE_CENTRALITY,landmarks,4,0.5204,8368,0.0816719,0.000152984,0.47016,0.371907,3,3,0,0,687
twitter_261_6000.txt,261,6000,DEGREE_CENTRALITY,landmarks,8,0.778,16736,0.0804256,0.000186463,0.406114,0.328481,3,3,0,0,687
twitter_261_6000.txt,261,6000,DEGREE_CENTRALITY,landmarks,16,1.5931,33472,0.0815307,0.000293159,0.308588,0.253033,2,2,0,0,687
twitter_261_6000.txt,261,6000,THORUP_ZWICK_RANDOM,k,2,23.691,51744,0.0845311,0.000922787,0.679245,0.476536,3,2,3,3698,689
twitter_261_6000.txt,261,6000,THORUP_ZWICK_RANDOM,k,3,25.1047,36592,0.0942585,0.00105718,0.811321,0.567973,3,3,5,2167,689
twitter_261_6000.txt,261,6000,THORUP_ZWICK_DEGREE_BIASED,k,2,28.7773,61668,0.0851906,0.000929753,0.457184,0.337446,2,2,3,4524,689
twitter_261_6000.txt,261,6000,THORUP_ZWICK_DEGREE_BIASED,k,3,24.6044,51560,0.0795392,0.000892017,0.529753,0.385099,3,3,5,3409,689
twitter_649_9000.txt,649,9000,SEQUENTIAL_INDEX,landmarks,4,0.5614,20784,0.109855,0.000385253,1.01843,0.588786,7,7,0,0,217
twitter_649_9000.txt,649,9000,SEQUENTIAL_INDEX,landmarks,8,0.9721,41568,0.103509,0.000399078,0.981567,0.565361,7,7,0,0,217
twitter_649_9000.txt,649,9000,SEQUENTIAL_INDEX,landmarks,16,2.1866,83136,0.108441,0.000554839,0.880184,0.506605,7,7,0,0,217
twitter_649_9000.txt,649,9000,DEGREE_CENTRALITY,landmarks,4,0.6897,20784,0.103403,0.00029447,0.953917,0.551306,7,7,0,0,217
twitter_649_9000.txt,649,9000,DEGREE_CENTRALITY,landmarks,8,1.3375,41568,0.103938,0.000364055,0.875576,0.515515,7,7,0,0,217
twitter_649_9000.txt,649,9000,DEGREE_CENTRALITY,landmarks,16,2.3349,83136,0.106191,0.000457604,0.820276,0.473656,7,7,0,0,217
twitter_649_9000.txt,649,9000,THORUP_ZWICK_RANDOM,k,2,72.2959,146624,0.0806542,0.00126199,1.09704,0.485445,4,2,3,10696,371
twitter_649_9000.txt,649,9000,THORUP_ZWICK_RANDOM,k,3,100.672,86228,0.0775477,0.00145606,1.48248,0.593576,6,2.5,5,4994,371
twitter_649_9000.txt,649,9000,THORUP_ZWICK_DEGREE_BIASED,k,2,83.9122,188468,0.0831841,0.00137978,0.668464,0.308356,4,2,3,14182,371
twitter_649_9000.txt,649,9000,THORUP_ZWICK_DEGREE_BIASED,k,3,107.897,138232,0.105314,0.00148679,0.649596,0.315948,3,3,5,9326,371
twitter_1119_15000.txt,1119,15000,SEQUENTIAL_INDEX,landmarks,4,0.8447,35824,0.0980129,0.000362857,1.02857,0.644524,6,6,0,0,70
twitter_1119_15000.txt,1119,15000,SEQUENTIAL_INDEX,landmarks,8,1.0787,71648,0.0966929,0.000464286,1,0.630238,6,6,0,0,70
twitter_1119_15000.txt,1119,15000,SEQUENTIAL_INDEX,landmarks,16,2.3302,143296,0.09892,0.000604286,0.957143,0.594524,6,6,0,0,70
twitter_1119_15000.txt,1119,15000,DEGREE_CENTRALITY,landmarks,4,0.6674,35824,0.101816,0.000421429,1.01429,0.642143,6,6,0,0,70
twitter_1119_15000.txt,1119,15000,DEGREE_CENTRALITY,landmarks,8,1.311,71648,0.0986917,0.000427976,1.17262,0.675893,11,11,0,0,168
twitter_1119_15000.txt,1119,15000,DEGREE_CENTRALITY,landmarks,16,2.3952,143296,0.0968583,0.000634524,1.14881,0.65506,11,11,0,0,168
twitter_1119_15000.txt,1119,15000,THORUP_ZWICK_RANDOM,k,2,152.5,366264,0.0890836,0.00161106,1.21239,0.436578,4,2,3,27902,226
twitter_1119_15000.txt,1119,15000,THORUP_ZWICK_RANDOM,k,3,300.188,162400,0.0865478,0.00175575,1.11947,0.437632,4,2,5,9761,226
twitter_1119_15000.txt,1119,15000,THORUP_ZWICK_DEGREE_BIASED,k,2,196.163,372316,0.0883159,0.0017323,0.69469,0.264897,4,2,3,28405,226
twitter_1119_15000.txt,1119,15000,THORUP_ZWICK_DEGREE_BIASED,k,3,270.935,196948,0.0934385,0.0017708,0.721239,0.300622,4,2,5,12640,226
roadNet-PA_1000_1303.txt,1000,1303,SEQUENTIAL_INDEX,landmarks,4,0.0384,32016,0,0,0,0,0,0,0,0,0
roadNet-PA_1000_1303.txt,1000,1303,SEQUENTIAL_INDEX,landmarks,8,0.0934,64032,0,0,0,0,0,0,0,0,0
roadNet-PA_1000_1303.txt,1000,1303,SEQUENTIAL_INDEX,landmarks,16,0.9045,128064,0.112966,0.000483156,20.678,1.95085,69,34.5,0,0,469
roadNet-PA_1000_1303.txt,1000,1303,DEGREE_CENTRALITY,landmarks,4,0.6463,32016,0.113289,0.000271702,4.94681,0.505811,22,8.5,0,0,470
roadNet-PA_1000_1303.txt,1000,1303,DEGREE_CENTRALITY,landmarks,8,0.9612,64032,0.116541,0.000377521,4.72059,0.479761,22,8.5,0,0,476
roadNet-PA_1000_1303.txt,1000,1303,DEGREE_CENTRALITY,landmarks,16,1.7198,128064,0.115084,0.000534244,4.57983,0.468129,22,8.5,0,0,476
roadNet-PA_1000_1303.txt,1000,1303,THORUP_ZWICK_RANDOM,k,2,137.165,567468,0.110371,0.00149018,3.70757,0.250168,19,1.66667,3,44947,489
roadNet-PA_1000_1303.txt,1000,1303,THORUP_ZWICK_RANDOM,k,3,236.424,254364,0.111003,0.0017411,4.14519,0.30702,19,2,5,17826,489
roadNet-PA_1000_1303.txt,1000,1303,THORUP_ZWICK_DEGREE_BIASED,k,2,170.094,476988,0.113329,0.00166278,3.48466,0.247744,15,2,3,37405,489
roadNet-PA_1000_1303.txt,1000,1303,THORUP_ZWICK_DEGREE_BIASED,k,3,224.475,226568,0.112278,0.00155174,3.43763,0.264917,15,3,5,15513,489
roadNet-PA_2000_2724.txt,2000,2724,SEQUENTIAL_INDEX,landmarks,4,0.1745,64016,0,0,0,0,0,0,0,0,0
roadNet-PA_2000_2724.txt,2000,2724,SEQUENTIAL_INDEX,landmarks,8,0.0792,128032,0,0,0,0,0,0,0,0,0
roadNet-PA_2000_2724.txt,2000,2724,SEQUENTIAL_INDEX,landmarks,16,1.4141,256064,0.153763,0.000790526,32.7211,2.02884,150,37.5,0,0,190
roadNet-PA_2000_2724.txt,2000,2724,DEGREE_CENTRALITY,landmarks,4,1.0655,64016,0.174135,0.00039,9.62105,0.748091,98,24.5,0,0,190
roadNet-PA_2000_2724.txt,2000,2724,DEGREE_CENTRALITY,landmarks,8,2.0468,128032,0.145498,0.000494357,10.7429,0.998633,62,28,0,0,319
roadNet-PA_2000_2724.txt,2000,2724,DEGREE_CENTRALITY,landmarks,16,3.3624,256064,0.143784,0.000695925,4.80251,0.423982,38,7,0,0,319
roadNet-PA_2000_2724.txt,2000,2724,THORUP_ZWICK_RANDOM,k,2,632.518,1208932,0.14323,0.00191344,3.95,0.226604,18,2,3,96061,320
roadNet-PA_2000_2724.txt,2000,2724,THORUP_ZWICK_RANDOM,k,3,1023.11,743000,0.164769,0.00205219,10.2906,0.389381,70,2,5,55197,320
roadNet-PA_2000_2724.txt,2000,2724,THORUP_ZWICK_DEGREE_BIASED,k,2,618.254,1185964,0.148535,0.00198094,3.43125,0.195544,18,2,3,94147,320
roadNet-PA_2000_2724.txt,2000,2724,THORUP_ZWICK_DEGREE_BIASED,k,3,1007.56,532496,0.16949,0.00213406,6.34687,0.313352,35,2,5,37655,320
roadNet-PA_3000_4115.txt,3000,4115,SEQUENTIAL_INDEX,landmarks,4,0.1683,96016,0,0,0,0,0,0,0,0,0
roadNet-PA_3000_4115.txt,3000,4115,SEQUENTIAL_INDEX,landmarks,8,0.217,192032,0,0,0,0,0,0,0,0,0
roadNet-PA_3000_4115.txt,3000,4115,SEQUENTIAL_INDEX,landmarks,16,4.6726,384064,0.441566,0.000940741,29.4104,1.84987,144,37.3333,0,0,675
roadNet-PA_3000_4115.txt,3000,4115,DEGREE_CENTRALITY,landmarks,4,2.9764,96016,0.451531,0.000496296,12.6889,0.94864,104,26,0,0,675
roadNet-PA_3000_4115.txt,3000,4115,DEGREE_CENTRALITY,landmarks,8,4.0858,192032,0.464717,0.00077363,2.43407,0.185212,42,4.5,0,0,675
roadNet-PA_3000_4115.txt,3000,4115,DEGREE_CENTRALITY,landmarks,16,7.656,384064,0.442603,0.000958074,1.82667,0.145938,42,3.5,0,0,675
roadNet-PA_3000_4115.txt,3000,4115,THORUP_ZWICK_RANDOM,k,2,2212.21,2827104,0.433549,0.00202844,3.91704,0.137755,20,1.71429,3,228571,675
roadNet-PA_3000_4115.txt,3000,4115,THORUP_ZWICK_RANDOM,k,3,3304.8,1207488,0.451366,0.0021397,10.4578,0.295863,35,2,5,90549,675
roadNet-PA_3000_4115.txt,3000,4115,THORUP_ZWICK_DEGREE_BIASED,k,2,2211.82,3063492,0.435342,0.00204296,4.31259,0.144325,24,1.71429,3,248270,675
roadNet-PA_3000_4115.txt,3000,4115,THORUP_ZWICK_DEGREE_BIASED,k,3,3106.64,1096144,0.439384,0.00217496,5.21778,0.161917,34,2.5,5,81274,675
roadNet-PA_5000_6988.txt,5000,6988,SEQUENTIAL_INDEX,landmarks,4,7.0924,160016,0.86245,0.000619054,42.7267,1.70694,256,33,0,0,761
roadNet-PA_5000_6988.txt,5000,6988,SEQUENTIAL_INDEX,landmarks,8,7.2643,320032,0.879699,0.000886071,40.7293,1.64024,254,32.5,0,0,761
roadNet-PA_5000_6988.txt,5000,6988,SEQUENTIAL_INDEX,landmarks,16,21.4967,640064,0.894383,0.0015138,22.6018,1.16206,150,30.6667,0,0,761
roadNet-PA_5000_6988.txt,5000,6988,DEGREE_CENTRALITY,landmarks,4,5.0354,160016,0.851538,0.000621025,9.44152,0.491674,198,24.75,0,0,761
roadNet-PA_5000_6988.txt,5000,6988,DEGREE_CENTRALITY,landmarks,8,8.2276,320032,0.857763,0.000925361,4.94087,0.318067,98,17.3333,0,0,761
roadNet-PA_5000_6988.txt,5000,6988,DEGREE_CENTRALITY,landmarks,16,15.4484,640064,0.862245,0.00131564,2.71616,0.173621,26,6,0,0,761
roadNet-PA_5000_6988.txt,5000,6988,THORUP_ZWICK_RANDOM,k,2,7248.43,6079592,0.865317,0.00212428,4.17323,0.137265,20,2,3,494940,762
roadNet-PA_5000_6988.txt,5000,6988,THORUP_ZWICK_RANDOM,k,3,11795.8,2528272,0.865108,0.00223491,9.98688,0.278899,49,1.8,5,193916,762
roadNet-PA_5000_6988.txt,5000,6988,THORUP_ZWICK_DEGREE_BIASED,k,2,7406.54,6403508,0.843822,0.00205039,4.10236,0.133474,26,1.45455,3,521931,762
roadNet-PA_5000_6988.txt,5000,6988,THORUP_ZWICK_DEGREE_BIASED,k,3,11132.5,2567192,0.80938,0.00224042,10.1024,0.262869,79,2.125,5,197166,762
roadNet-CA_1000_1328.txt,1000,1328,SEQUENTIAL_INDEX,landmarks,4,0.8928,32016,0.105232,0.00032884,10.5329,1.06741,44,30,0,0,319
roadNet-CA_1000_1328.txt,1000,1328,SEQUENTIAL_INDEX,landmarks,8,0.9321,64032,0.0977887,0.000377743,9.05329,0.935443,42,28,0,0,319
roadNet-CA_1000_1328.txt,1000,1328,SEQUENTIAL_INDEX,landmarks,16,1.5893,128064,0.0961125,0.000478997,8.29467,0.869064,40,28,0,0,319
roadNet-CA_1000_1328.txt,1000,1328,DEGREE_CENTRALITY,landmarks,4,0.4309,32016,0.0943547,0.000281875,24.9937,2.33918,62,62,0,0,320
roadNet-CA_1000_1328.txt,1000,1328,DEGREE_CENTRALITY,landmarks,8,1.0426,64032,0.0931028,0.000327187,8.4375,0.883424,36,36,0,0,320
roadNet-CA_1000_1328.txt,1000,1328,DEGREE_CENTRALITY,landmarks,16,0.8564,128064,0.0954938,0.00074704,6.60436,0.72341,30,30,0,0,321
roadNet-CA_1000_1328.txt,1000,1328,THORUP_ZWICK_RANDOM,k,2,111.648,437976,0.0980312,0.00155505,3.88379,0.281653,18,2,3,34156,327
roadNet-CA_1000_1328.txt,1000,1328,THORUP_ZWICK_RANDOM,k,3,199.822,237384,0.0929884,0.00148991,4.41896,0.329,17,1.66667,5,16411,327
roadNet-CA_1000_1328.txt,1000,1328,THORUP_ZWICK_DEGREE_BIASED,k,2,149.464,449012,0.102475,0.00152569,3.10398,0.236902,14,1.5,3,35075,327
roadNet-CA_1000_1328.txt,1000,1328,THORUP_ZWICK_DEGREE_BIASED,k,3,200.16,195712,0.0917823,0.00143486,3.32416,0.256669,15,2.33333,5,12937,327
roadNet-CA_2000_2672.txt,2000,2672,SEQUENTIAL_INDEX,landmarks,4,0.6566,64016,0.11323,0.000377885,13.1538,1.21465,40,20,0,0,104
roadNet-CA_2000_2672.txt,2000,2672,SEQUENTIAL_INDEX,landmarks,8,1.0897,128032,0.112984,0.000459615,11.6346,1.08459,38,18,0,0,104
roadNet-CA_2000_2672.txt,2000,2672,SEQUENTIAL_INDEX,landmarks,16,2.2142,256064,0.116095,0.000677885,10.9231,1.01281,38,16,0,0,104
roadNet-CA_2000_2672.txt,2000,2672,DEGREE_CENTRALITY,landmarks,4,0.6738,64016,0.115272,0.000405714,23.0857,2.06253,53,28,0,0,105
roadNet-CA_2000_2672.txt,2000,2672,DEGREE_CENTRALITY,landmarks,8,0.8929,128032,0.111196,0.000467619,10.781,0.966727,36,12,0,0,105
roadNet-CA_2000_2672.txt,2000,2672,DEGREE_CENTRALITY,landmarks,16,0.9145,256064,0.104797,0.000657895,10.7018,1.05319,36,12,0,0,114
roadNet-CA_2000_2672.txt,2000,2672,THORUP_ZWICK_RANDOM,k,2,521.191,972388,0.0913962,0.00202956,4.63522,0.342258,17,1.75,3,76349,159
roadNet-CA_2000_2672.txt,2000,2672,THORUP_ZWICK_RANDOM,k,3,878.286,657020,0.0932711,0.00208868,5.49686,0.349197,26,2.09091,5,48032,159
roadNet-CA_2000_2672.txt,2000,2672,THORUP_ZWICK_DEGREE_BIASED,k,2,486.26,957576,0.0952019,0.00192579,3.64151,0.279265,16,1.75,3,75116,159
roadNet-CA_2000_2672.txt,2000,2672,THORUP_ZWICK_DEGREE_BIASED,k,3,885.476,564896,0.110274,0.00181132,4.86792,0.314153,28,2.09091,5,40356,159
roadNet-CA_3000_4023.txt,3000,4023,SEQUENTIAL_INDEX,landmarks,4,1.522,96016,0.221271,0.000464571,29.8914,2.24821,102,24.5,0,0,175
roadNet-CA_3000_4023.txt,3000,4023,SEQUENTIAL_INDEX,landmarks,8,2.1842,192032,0.223328,0.000604,28.2171,2.13364,100,24,0,0,175
roadNet-CA_3000_4023.txt,3000,4023,SEQUENTIAL_INDEX,landmarks,16,3.8632,384064,0.219941,0.000870857,26.9714,2.04831,98,23.5,0,0,175
roadNet-CA_3000_4023.txt,3000,4023,DEGREE_CENTRALITY,landmarks,4,0.9918,96016,0.234251,0.000477143,19.2971,1.96278,79,61,0,0,175
roadNet-CA_3000_4023.txt,3000,4023,DEGREE_CENTRALITY,landmarks,8,1.3973,192032,0.2051,0.000654128,16.6743,1.70465,79,61,0,0,218
roadNet-CA_3000_4023.txt,3000,4023,DEGREE_CENTRALITY,landmarks,16,2.3678,384064,0.198209,0.00082844,5.79817,0.635988,36,12,0,0,218
roadNet-CA_3000_4023.txt,3000,4023,THORUP_ZWICK_RANDOM,k,2,1389.51,1955868,0.191617,0.00194425,4.63717,0.252601,24,2,3,155968,226
roadNet-CA_3000_4023.txt,3000,4023,THORUP_ZWICK_RANDOM,k,3,2454.94,858564,0.194527,0.00215973,5.89381,0.279072,23,2,5,61472,226
roadNet-CA_3000_4023.txt,3000,4023,THORUP_ZWICK_DEGREE_BIASED,k,2,1397.73,1949956,0.196636,0.00200133,4.9115,0.268346,24,2,3,155477,226
roadNet-CA_3000_4023.txt,3000,4023,THORUP_ZWICK_DEGREE_BIASED,k,3,2455.29,813036,0.192392,0.00198894,5,0.24753,28,2,5,57678,226
roadNet-CA_5000_6647.txt,5000,6647,SEQUENTIAL_INDEX,landmarks,4,2.3629,160016,0.429754,0.00053883,29.2766,1.51141,92,30.6667,0,0,188
roadNet-CA_5000_6647.txt,5000,6647,SEQUENTIAL_INDEX,landmarks,8,3.9747,320032,0.441795,0.000933511,27.6968,1.44049,90,30,0,0,188
roadNet-CA_5000_6647.txt,5000,6647,SEQUENTIAL_INDEX,landmarks,16,9.0642,640064,0.442258,0.0013117,26.2872,1.37567,88,29.3333,0,0,188
roadNet-CA_5000_6647.txt,5000,6647,DEGREE_CENTRALITY,landmarks,4,1.6766,160016,0.438461,0.000633511,18.5798,0.984274,71,13.3333,0,0,188
roadNet-CA_5000_6647.txt,5000,6647,DEGREE_CENTRALITY,landmarks,8,6.1658,320032,0.489873,0.00126951,16.6637,0.911419,71,13.3333,0,0,223
roadNet-CA_5000_6647.txt,5000,6647,DEGREE_CENTRALITY,landmarks,16,6.3032,640064,0.369785,0.00132422,8.65022,0.515558,45,13.3333,0,0,223
roadNet-CA_5000_6647.txt,5000,6647,THORUP_ZWICK_RANDOM,k,2,4602.41,3758108,0.391432,0.00282149,4.61404,0.194976,20,1.25,3,301483,228
roadNet-CA_5000_6647.txt,5000,6647,THORUP_ZWICK_RANDOM,k,3,8952.3,1860568,0.392766,0.00224474,8.34211,0.292439,40,2,5,138274,228
roadNet-CA_5000_6647.txt,5000,6647,THORUP_ZWICK_DEGREE_BIASED,k,2,4589.08,3866304,0.394168,0.00285965,4.39035,0.191677,20,1.27273,3,310498,228
roadNet-CA_5000_6647.txt,5000,6647,THORUP_ZWICK_DEGREE_BIASED,k,3,8628.97,1814544,0.384611,0.00235219,8.23246,0.304982,34,1.72727,5,134443,228
